,Unnamed: 0,Contract,Difficulty,Work Type,Created,Task Priority,Staff
0,0,Contract 0,Medium,enquiry,1744697291561,Priority 2,Employee 5
1,1,Contract 0,Medium,enquiry,1744697069282,Priority 2,Employee 5
2,2,Contract 1,High,artifacts,1744696073129,Immediate,Employee 4
3,3,Contract 2,Medium,internal,1744694270075,Priority 2,Employee 13
4,4,Contract 0,High,enquiry,1744689840853,Priority 2,Employee 5
5,5,Contract 3,High,internal,1744689536174,Priority 2,Employee 1
6,6,Contract 4,Critical,general,1744687659741,Priority 2,Employee 17
7,7,Contract 0,Medium,internal,1744685641832,Priority 2,Employee 5
8,8,Contract 0,Medium,bug,1744685406730,Priority 2,Employee 5
9,9,Contract 0,High,internal,1744685005158,Immediate,Employee 5
10,10,Contract 2,High,website upgrades,1744683871888,Immediate,Employee 7
11,11,Contract 5,Critical,data-imports,1744682686887,Priority 2,Employee 17
12,12,Contract 0,Medium,internal,1744682182724,Priority 2,Employee 5
13,13,Contract 6,Low,general,1744682064574,Hold Off,Employee 1
14,14,Contract 0,Medium,internal,1744681811685,Priority 2,Employee 5
15,15,Contract 7,High,feature-additions,1744680502637,Priority 2,Employee 1
16,16,Contract 0,Medium,internal,1744674661351,Priority 2,Employee 5
17,17,Contract 8,Critical,artifacts,1744674434085,Immediate,Employee 16
18,18,Contract 9,High,internal,1744603989906,Priority 2,Employee 17
19,19,Contract 10,Critical,billing,1744596914517,Priority 2,Employee 17
20,20,Contract 11,Critical,graphic-design,1744596385276,Immediate,Not Assigned
21,21,Contract 12,Low,general,1744592780200,Priority 2,Employee 17
22,22,Contract 13,High,internal,1744589280062,Immediate,Employee 17
23,23,Contract 14,Medium,artifacts,1744585660851,Priority 2,Employee 13
24,24,Contract 13,Critical,artifacts,1744585097132,Priority 1,Employee 17
25,25,Contract 14,Medium,general,1744584875708,Priority 2,Employee 13
26,26,Contract 1,High,internal,1744339989876,Priority 2,Employee 7
27,27,Contract 15,Medium,general,1744337275726,Hold Off,Employee 11
28,28,Contract 16,High,billing,1744336755558,Priority 2,Employee 17
29,29,Contract 0,Medium,enquiry,1744268321950,Priority 3,Employee 5
30,30,Contract 17,High,data,1744268095737,Priority 2,Employee 17
31,31,Contract 0,Medium,enquiry,1744266512585,Priority 1,Employee 5
32,32,Contract 0,Medium,enquiry,1744264931196,Priority 2,Employee 5
33,33,Contract 18,High,enquiry,1744264463698,Immediate,Employee 9
34,34,Contract 19,Medium,artifacts,1744251624821,Priority 1,Employee 16
35,35,Contract 20,Medium,enquiry,1744251509387,Priority 2,Employee 7
36,36,Contract 0,Low,enquiry,1744250081635,Priority 3,Employee 5
37,37,Contract 21,Critical,general,1744249789702,Immediate,Employee 15
38,38,Contract 0,Low,enquiry,1744249521239,Priority 3,Employee 5
39,39,Contract 0,Medium,enquiry,1744247253936,Priority 2,Employee 5
40,40,Contract 0,Medium,internal,1744246886209,Priority 2,Employee 5
41,41,Contract 0,Medium,enquiry,1744245939401,Priority 2,Employee 5
42,42,Contract 22,Medium,general,1744243108279,Priority 2,Employee 9
43,43,Contract 16,High,general,1744182767705,Priority 2,Employee 13
44,44,Contract 23,Medium,enquiry,1744178871732,Priority 3,Employee 17
45,45,Contract 2,High,artifacts,1744178557096,Immediate,Employee 10
46,46,Contract 0,Medium,enquiry,1744177929725,Priority 1,Employee 5
47,47,Contract 0,Medium,enquiry,1744177436525,Priority 3,Employee 17
48,48,Contract 0,Medium,enquiry,1744177002728,Priority 3,Employee 5
49,49,Contract 0,Medium,enquiry,1744172145412,Priority 3,Employee 5
50,50,Contract 0,Medium,enquiry,1744172026309,Priority 3,Employee 5
51,51,Contract 12,Medium,dashboard,1744167030333,Hold Off,Employee 7
52,52,Contract 12,Critical,dashboard,1744162125853,Priority 2,Employee 7
53,53,Contract 0,Medium,internal,1744149807742,Priority 3,Employee 5
54,54,Contract 24,High,graphic-design,1744097247750,Priority 2,Employee 10
55,55,Contract 24,High,artifacts,1744096008274,Priority 2,Employee 10
56,56,Contract 22,High,internal,1744094200018,Priority 2,Employee 13
57,57,Contract 0,Medium,enquiry,1744093553394,Priority 3,Employee 5
58,58,Contract 24,Critical,dashboard,1744093364178,Priority 2,Employee 10
59,59,Contract 24,High,dashboard,1744093100805,Priority 2,Employee 10
60,60,Contract 24,High,dashboard,1744090352621,Priority 2,Employee 13
61,61,Contract 24,Critical,payement-integration,1744083380767,Priority 2,Employee 10
62,62,Contract 5,High,internal,1744077188297,Priority 2,Employee 13
63,63,Contract 24,Critical,general,1744076768752,Priority 2,Employee 10
64,64,Contract 25,Critical,billing,1744075729135,Priority 2,Employee 17
65,65,Contract 0,Medium,enquiry,1744073862753,Priority 2,Employee 5
66,66,Contract 1,Critical,general,1744072753230,Priority 2,Employee 9
67,67,Contract 0,Medium,enquiry,1744071173764,Priority 2,Employee 5
68,68,Contract 0,Medium,enquiry,1744070728172,Priority 2,Employee 5
69,69,Contract 0,Medium,enquiry,1744070576234,Priority 2,Employee 5
70,70,Contract 0,Medium,enquiry,1744061239191,Hold Off,Employee 5
71,71,Contract 26,Critical,general,1744018937261,Immediate,Employee 15
72,72,Contract 0,Medium,internal,1744005498108,Priority 2,Employee 5
73,73,Contract 0,Medium,internal,1744005215967,Priority 2,Employee 5
74,74,Contract 0,Medium,internal,1744003422753,Priority 2,Employee 5
75,75,Contract 0,Medium,bug,1744002952627,Priority 2,Employee 17
76,76,Contract 26,Critical,internal,1743999673897,Priority 3,Employee 9
77,77,Contract 0,Medium,enquiry,1743983592830,Priority 2,Employee 5
78,78,Contract 27,Medium,general,1743982891541,Priority 2,Employee 13
79,79,Contract 0,Medium,internal,1743982191850,Priority 1,Employee 5
80,80,Contract 0,Medium,internal,1743981900586,Priority 1,Employee 5
81,81,Contract 0,Low,enquiry,1743979278633,Priority 3,Employee 5
82,82,Contract 26,Medium,general,1743743038273,Priority 2,Employee 1
83,83,Contract 26,High,general,1743742724763,Priority 2,Employee 1
84,84,Contract 26,Medium,general,1743736257170,Priority 2,Employee 10
85,85,Contract 28,Low,enquiry,1743731695751,Priority 2,Employee 7
86,86,Contract 0,Medium,enquiry,1743730202299,Priority 2,Employee 5
87,87,Contract 0,Low,enquiry,1743729497517,Priority 2,Employee 5
88,88,Contract 0,Medium,internal,1743717927421,Priority 1,Employee 5
89,89,Contract 0,Medium,internal,1743672259339,Priority 1,Employee 5
90,90,Contract 0,Medium,internal,1743671803393,Priority 2,Employee 5
91,91,Contract 19,Medium,billing,1743671285116,Priority 1,Employee 16
92,92,Contract 0,Low,enquiry,1743670989657,Priority 3,Employee 5
93,93,Contract 0,Medium,internal,1743670395416,Priority 2,Employee 5
94,94,Contract 0,High,internal,1743670160595,Priority 2,Employee 5
95,95,Contract 16,Critical,dashboard,1743669127868,Priority 2,Employee 13
96,96,Contract 0,Medium,enquiry,1743662261610,Priority 2,Employee 5
97,97,Contract 0,Low,internal,1743660301944,Priority 3,Employee 5
98,98,Contract 29,High,general,1743658380615,Priority 2,Employee 9
99,99,Contract 25,Critical,internal,1743656559295,Priority 1,Employee 10
100,100,Contract 0,Medium,enquiry,1743656539361,Priority 2,Employee 5
101,101,Contract 30,High,data-imports,1743654086291,Priority 2,Employee 6
102,102,Contract 31,Low,general,1743639107007,Priority 2,Employee 13
103,103,Contract 32,Critical,internal,1743635687001,Priority 2,Employee 11
104,104,Contract 0,Medium,enquiry,1743632508758,Priority 1,Employee 5
105,105,Contract 33,Medium,general,1743627779424,Hold Off,Employee 11
106,106,Contract 0,Medium,enquiry,1743575887340,Priority 2,Employee 5
107,107,Contract 0,Medium,enquiry,1743564203663,Priority 1,Employee 5
108,108,Contract 0,Medium,enquiry,1743561703061,Priority 2,Employee 5
109,109,Contract 0,Medium,enquiry,1743560737869,Priority 1,Employee 5
110,110,Contract 0,Medium,enquiry,1743557653997,Priority 2,Employee 5
111,111,Contract 7,High,feature-additions,1743545513345,Immediate,Employee 10
112,112,Contract 34,High,website upgrades,1743487086480,Priority 2,Employee 7
113,113,Contract 0,Medium,internal,1743477793089,Priority 2,Employee 5
114,114,Contract 1,Critical,internal,1743475222353,Priority 1,Employee 10
115,115,Contract 35,High,bug,1743474385001,Priority 2,Employee 17
116,116,Contract 26,High,general,1743469166291,Priority 2,Employee 9
117,117,Contract 36,Critical,artifacts,1743463361464,Immediate,Employee 16
118,118,Contract 34,High,internal,1743401885291,Priority 2,Employee 17
119,119,Contract 37,Low,website-design,1743399933493,Priority 3,Employee 1
120,120,Contract 38,Medium,general,1743397185408,Priority 1,Employee 11
121,121,Contract 31,Medium,general,1743392178008,Priority 3,Employee 10
122,122,Contract 39,High,data,1743388628018,Priority 2,Employee 13
123,123,Contract 40,Critical,internal,1743387856999,Priority 2,Employee 17
124,124,Contract 18,High,general,1743378901271,Immediate,Employee 11
125,125,Contract 27,Low,artifacts,1743376677886,Immediate,Employee 4
126,126,Contract 41,Critical,internal,1743282744498,Immediate,Employee 1
127,127,Contract 41,Critical,bug,1743252648247,Priority 2,Employee 7
128,128,Contract 42,Medium,general,1743151579079,Priority 1,Employee 9
129,129,Contract 25,Critical,billing,1743136680625,Priority 2,Employee 17
130,130,Contract 8,Critical,general,1743132208008,Priority 2,Employee 10
131,131,Contract 43,High,general,1743041958796,Priority 2,Employee 17
132,132,Contract 25,Medium,general,1743039159231,Hold Off,Employee 9
133,133,Contract 13,Critical,general,1743026472161,Priority 2,Employee 1
134,134,Contract 38,Medium,general,1742970375184,Priority 1,Employee 17
135,135,Contract 44,Medium,general,1742967669453,Priority 2,Employee 13
136,136,Contract 27,Medium,general,1742966979608,Priority 2,Employee 1
137,137,Contract 1,High,internal,1742953770286,Priority 2,Employee 1
138,138,Contract 33,Critical,general,1742950513473,Priority 1,Employee 10
139,139,Contract 33,High,payement-integration,1742950443600,Priority 1,Not Assigned
140,140,Contract 39,Low,internal,1742949366327,Priority 2,Employee 1
141,141,Contract 25,High,billing,1742882964258,Immediate,Employee 1
142,142,Contract 45,High,internal,1742877745444,Priority 2,Employee 1
143,143,Contract 46,High,general,1742869352808,Priority 1,Employee 13
144,144,Contract 47,High,billing,1742868928471,Priority 2,Employee 10
145,145,Contract 0,Medium,enquiry,1742868003948,Priority 2,Employee 5
146,146,Contract 0,Medium,enquiry,1742865811159,Priority 2,Employee 5
147,147,Contract 0,Medium,enquiry,1742852461195,Priority 2,Employee 5
148,148,Contract 42,Low,google-forms,1742790398606,Priority 2,Not Assigned
149,149,Contract 35,Critical,billing,1742788649342,Priority 2,Employee 17
150,150,Contract 1,Critical,billing,1742788186282,Priority 2,Employee 17
151,151,Contract 13,Critical,internal,1742774021211,Priority 2,Employee 15
152,152,Contract 0,Low,enquiry,1742772688623,Priority 2,Employee 5
153,153,Contract 0,Medium,enquiry,1742765175479,Priority 2,Employee 5
154,154,Contract 14,Low,general,1742548758613,Priority 3,Employee 13
155,155,Contract 24,Critical,general,1742519521735,Priority 1,Employee 9
156,156,Contract 42,Medium,general,1742517485068,Priority 2,Employee 17
157,157,Contract 1,High,general,1742517472478,Priority 2,Employee 1
158,158,Contract 26,Critical,feature-additions,1742515646797,Priority 2,Employee 15
159,159,Contract 0,Low,enquiry,1742451431313,Priority 3,Employee 5
160,160,Contract 48,Critical,internal,1742441245306,Priority 2,Employee 17
161,161,Contract 49,High,enquiry,1742440517563,Immediate,Employee 7
162,162,Contract 50,Low,feature-additions,1742430585568,Priority 3,Employee 1
163,163,Contract 51,Critical,internal,1742429848015,Priority 2,Employee 6
164,164,Contract 39,Critical,general,1742429337394,Priority 1,Employee 16
165,165,Contract 52,Critical,enquiry,1742426443234,Priority 1,Employee 10
166,166,Contract 40,Critical,general,1742368922400,Immediate,Employee 1
167,167,Contract 53,Critical,payement-integration,1742363210161,Priority 2,Employee 17
168,168,Contract 42,High,artifacts,1742358429414,Priority 2,Employee 7
169,169,Contract 38,Critical,internal,1742347509447,Immediate,Employee 14
170,170,Contract 22,Medium,general,1742343437346,Priority 3,Employee 10
171,171,Contract 33,Medium,artifacts,1742336082867,Priority 1,Employee 16
172,172,Contract 3,High,general,1742335989718,Priority 2,Employee 1
173,173,Contract 34,High,general,1742288101506,Priority 2,Employee 1
174,174,Contract 26,Critical,general,1742285522242,Immediate,Employee 15
175,175,Contract 54,Critical,billing,1742279909078,Immediate,Employee 17
176,176,Contract 24,High,general,1742272974405,Priority 2,Employee 8
177,177,Contract 48,Medium,internal,1742269491300,Priority 2,Employee 1
178,178,Contract 51,Critical,general,1742266209711,Priority 2,Employee 1
179,179,Contract 34,Critical,general,1742265204690,Immediate,Employee 17
180,180,Contract 22,Medium,general,1742257379803,Hold Off,Employee 10
181,181,Contract 39,High,artifacts,1742253404376,Priority 2,Employee 1
182,182,Contract 22,Medium,general,1742176266418,Priority 2,Employee 1
183,183,Contract 12,Low,enquiry,1742173631069,Priority 3,Employee 1
184,184,Contract 26,Critical,data-imports,1742165599452,Priority 2,Employee 17
185,185,Contract 26,Critical,data-imports,1742165468898,Priority 2,Employee 17
186,186,Contract 26,Critical,data-imports,1742165210984,Priority 2,Employee 17
187,187,Contract 26,High,artifacts,1742160896846,Immediate,Employee 4
188,188,Contract 10,Critical,general,1741925936578,Priority 2,Employee 17
189,189,Contract 0,Medium,enquiry,1741921839141,Priority 1,Employee 5
190,190,Contract 51,Medium,general,1741903150604,Priority 2,Employee 1
191,191,Contract 24,Critical,artifacts,1741856088815,Immediate,Employee 13
192,192,Contract 22,Medium,dashboard,1741845862470,Priority 2,Employee 9
193,193,Contract 17,High,billing,1741841774569,Priority 2,Employee 11
194,194,Contract 0,Low,enquiry,1741841187775,Priority 3,Employee 5
195,195,Contract 0,High,enquiry,1741840736929,Priority 1,Employee 5
196,196,Contract 13,Critical,internal,1741835397685,Priority 2,Employee 17
197,197,Contract 31,High,general,1741820597566,Priority 2,Employee 15
198,198,Contract 22,Medium,dashboard,1741759218695,Hold Off,Employee 9
199,199,Contract 26,Critical,general,1741751367670,Immediate,Employee 15
200,200,Contract 26,Critical,general,1741751285666,Immediate,Employee 15
201,201,Contract 0,Medium,enquiry,1741748027245,Priority 2,Employee 5
202,202,Contract 43,High,google-forms,1741742224421,Priority 1,Employee 16
203,203,Contract 38,Critical,general,1741732107407,Priority 3,Employee 17
204,204,Contract 0,Critical,enquiry,1741731390269,Priority 2,Employee 5
205,205,Contract 34,High,general,1741670940584,Priority 2,Employee 7
206,206,Contract 55,Medium,general,1741658809182,Hold Off,Employee 1
207,207,Contract 32,High,website upgrades,1741657538055,Priority 2,Employee 7
208,208,Contract 0,High,enquiry,1741656194300,Priority 2,Employee 5
209,209,Contract 0,High,google-forms,1741653339376,Immediate,Employee 5
210,210,Contract 21,Critical,general,1741648042204,Priority 1,Employee 17
211,211,Contract 4,Critical,artifacts,1741578218305,Priority 1,Not Assigned
212,212,Contract 56,Medium,website upgrades,1741327771818,Priority 2,Employee 7
213,213,Contract 57,Critical,billing,1741313810643,Priority 2,Employee 1
214,214,Contract 58,High,billing,1741313660688,Immediate,Employee 1
215,215,Contract 24,Critical,general,1741241446124,Priority 1,Employee 8
216,216,Contract 59,Medium,google-forms,1741240273717,Priority 2,Employee 10
217,217,Contract 25,Critical,general,1741228211746,Priority 2,Employee 17
218,218,Contract 0,Medium,internal,1741226686665,Priority 1,Employee 5
219,219,Contract 39,Medium,general,1741219773511,Hold Off,Employee 1
220,220,Contract 60,High,artifacts,1741218780675,Immediate,Not Assigned
221,221,Contract 47,Critical,bug,1741217167296,Priority 2,Employee 17
222,222,Contract 26,High,internal,1741215769640,Priority 2,Employee 15
223,223,Contract 26,High,internal,1741214615950,Priority 2,Employee 9
224,224,Contract 26,High,internal,1741214516082,Priority 2,Employee 9
225,225,Contract 34,High,website upgrades,1741156394107,Priority 2,Employee 7
226,226,Contract 38,Critical,general,1741146277119,Priority 1,Employee 13
227,227,Contract 61,High,artifacts,1741140871358,Priority 2,Employee 1
228,228,Contract 10,Critical,bug,1741139959554,Priority 2,Employee 1
229,229,Contract 62,High,general,1741136518663,Priority 3,Employee 9
230,230,Contract 0,Medium,enquiry,1741126278012,Hold Off,Employee 5
231,231,Contract 55,Medium,google-forms,1741054950712,Priority 2,Employee 1
232,232,Contract 26,High,internal,1741037702184,Immediate,Employee 9
233,233,Contract 5,Critical,enquiry,1740973663218,Priority 2,Employee 10
234,234,Contract 63,Critical,internal,1740964999845,Priority 1,Employee 17
235,235,Contract 3,Medium,general,1740961053457,Priority 3,Employee 1
236,236,Contract 9,High,general,1740958471184,Immediate,Employee 9
237,237,Contract 0,Low,internal,1740953919217,Priority 1,Employee 5
238,238,Contract 25,Critical,general,1740730010540,Priority 2,Employee 10
239,239,Contract 14,Medium,general,1740704070573,Priority 2,Employee 10
240,240,Contract 22,Medium,general,1740605985016,Priority 1,Employee 1
241,241,Contract 33,Medium,general,1740602272611,Priority 2,Employee 13
242,242,Contract 22,High,internal,1740524311284,Priority 2,Employee 17
243,243,Contract 0,Medium,general,1740461025302,Hold Off,Employee 5
244,244,Contract 14,Medium,general,1740453619685,Priority 2,Employee 7
245,245,Contract 5,High,internal,1740445194396,Priority 2,Employee 17
246,246,Contract 5,High,internal,1740443173130,Priority 2,Employee 1
247,247,Contract 42,High,general,1740122313360,Priority 2,Employee 7
248,248,Contract 20,High,bug,1740110415022,Priority 2,Employee 7
249,249,Contract 13,Medium,artifacts,1740103902067,Priority 1,Employee 16
250,250,Contract 25,Critical,internal,1740038612750,Priority 2,Employee 10
251,251,Contract 20,High,dashboard,1740029556698,Priority 2,Employee 7
252,252,Contract 43,Critical,general,1740027607117,Immediate,Employee 13
253,253,Contract 10,Low,internal,1740023009277,Hold Off,Employee 13
254,254,Contract 26,High,general,1740018566702,Priority 2,Employee 10
255,255,Contract 26,High,general,1740018428296,Priority 1,Employee 10
256,256,Contract 26,High,general,1740018213594,Priority 2,Employee 10
257,257,Contract 16,High,general,1740017880633,Priority 2,Employee 17
258,258,Contract 10,Critical,website-design,1740014964979,Priority 1,Employee 1
259,259,Contract 34,Critical,general,1740014056482,Priority 2,Employee 7
260,260,Contract 10,Low,general,1740013988677,Hold Off,Employee 1
261,261,Contract 32,Critical,general,1740009198539,Priority 2,Employee 17
262,262,Contract 20,High,general,1739946509216,Priority 2,Employee 7
263,263,Contract 31,Medium,general,1739936918709,Priority 3,Employee 1
264,264,Contract 34,Medium,general,1739932073872,Priority 2,Employee 1
265,265,Contract 64,Critical,website upgrades,1739850634967,Priority 1,Employee 7
266,266,Contract 65,Critical,general,1739846133902,Immediate,Employee 1
267,267,Contract 0,Medium,enquiry,1739844189658,Priority 2,Employee 5
268,268,Contract 0,High,data,1739839983092,Priority 2,Employee 10
269,269,Contract 34,High,general,1739838515908,Priority 2,Employee 17
270,270,Contract 10,Critical,billing,1739830406854,Priority 1,Employee 1
271,271,Contract 66,Medium,google-forms,1739782515811,Priority 2,Employee 7
272,272,Contract 26,Medium,general,1739754227838,Priority 2,Employee 15
273,273,Contract 64,High,graphic-design,1739750217451,Priority 2,Employee 7
274,274,Contract 43,Critical,data,1739744876631,Priority 2,Employee 1
275,275,Contract 14,High,general,1739744406422,Priority 2,Employee 1
276,276,Contract 40,Critical,internal,1739530976393,Immediate,Employee 1
277,277,Contract 25,Critical,artifacts,1739509923677,Priority 2,Employee 10
278,278,Contract 25,Critical,artifacts,1739508517518,Immediate,Employee 10
279,279,Contract 38,High,google-forms,1739506651982,Priority 1,Employee 13
280,280,Contract 8,Critical,general,1739479693447,Priority 1,Employee 10
281,281,Contract 24,Critical,dashboard,1739420858829,Priority 1,Employee 13
282,282,Contract 67,Medium,graphic-design,1739406863577,Priority 2,Employee 10
283,283,Contract 26,High,general,1739404356446,Priority 1,Employee 10
284,284,Contract 13,Medium,general,1739401358496,Priority 2,Employee 13
285,285,Contract 31,High,general,1739336468036,Priority 2,Employee 7
286,286,Contract 22,Medium,artifacts,1739329163731,Priority 2,Employee 13
287,287,Contract 26,Critical,general,1739325914982,Immediate,Employee 10
288,288,Contract 26,Critical,general,1739324990520,Priority 1,Employee 10
289,289,Contract 4,Low,general,1739317892656,Priority 2,Employee 7
290,290,Contract 42,Critical,billing,1739256148451,Immediate,Employee 17
291,291,Contract 3,Medium,artifacts,1739249197943,Priority 3,Employee 16
292,292,Contract 3,Medium,artifacts,1739248724345,Priority 3,Employee 1
293,293,Contract 47,Medium,general,1739237224314,Priority 2,Employee 10
294,294,Contract 33,Medium,general,1739221700585,Priority 2,Employee 7
295,295,Contract 13,High,internal,1739164930057,Priority 2,Employee 17
296,296,Contract 42,Medium,general,1739158176439,Priority 2,Employee 7
297,297,Contract 68,Medium,wordpress-dev,1739155788987,Priority 2,Employee 7
298,298,Contract 47,High,general,1739148347464,Priority 2,Employee 13
299,299,Contract 63,Medium,general,1739143805530,Priority 2,Employee 7
300,300,Contract 39,Medium,google-forms,1738901363102,Priority 2,Employee 11
301,301,Contract 20,High,general,1738887566179,Priority 2,Employee 7
302,302,Contract 20,High,bug,1738884090171,Priority 2,Employee 7
303,303,Contract 26,Medium,general,1738882415508,Priority 1,Employee 12
304,304,Contract 17,High,billing,1738827141526,Priority 2,Employee 10
305,305,Contract 34,High,general,1738825381708,Priority 2,Employee 7
306,306,Contract 52,Low,general,1738815598935,Hold Off,Employee 1
307,307,Contract 52,Medium,google-forms,1738815157985,Priority 1,Employee 1
308,308,Contract 42,Medium,general,1738806510144,Priority 2,Employee 7
309,309,Contract 30,Medium,internal,1738731121928,Priority 1,Not Assigned
310,310,Contract 10,Medium,website-design,1738710428228,Priority 2,Employee 1
311,311,Contract 13,High,data,1738705149670,Priority 2,Employee 1
312,312,Contract 31,High,general,1738644566649,Priority 2,Employee 1
313,313,Contract 13,High,general,1738637870423,Priority 3,Employee 1
314,314,Contract 34,High,general,1738629387371,Immediate,Employee 7
315,315,Contract 10,Medium,internal,1738555385570,Priority 2,Employee 10
316,316,Contract 34,Medium,general,1738552189822,Priority 1,Employee 1
317,317,Contract 10,High,general,1738380020059,Priority 2,Employee 1
318,318,Contract 10,High,artifacts,1738292821529,Priority 1,Employee 16
319,319,Contract 7,High,general,1738287787847,Priority 2,Employee 14
320,320,Contract 5,Low,general,1738284868866,Priority 3,Employee 7
321,321,Contract 31,Medium,general,1738278979557,Priority 1,Employee 1
322,322,Contract 28,Medium,general,1738110563985,Priority 2,Employee 7
323,323,Contract 69,High,dashboard,1738107187822,Priority 2,Employee 10
324,324,Contract 26,Medium,internal,1738102555241,Priority 2,Employee 9
325,325,Contract 69,Critical,website upgrades,1738077620257,Priority 2,Employee 7
326,326,Contract 69,Critical,website upgrades,1738075825668,Priority 2,Employee 7
327,327,Contract 17,High,enquiry,1738033272884,Priority 2,Employee 11
328,328,Contract 1,Critical,general,1738026714365,Priority 1,Employee 14
329,329,Contract 1,Critical,general,1738021580977,Priority 1,Employee 14
330,330,Contract 34,Medium,internal,1738019218277,Priority 1,Employee 10
331,331,Contract 1,Critical,artifacts,1737946912587,Priority 2,Employee 7
332,332,Contract 25,Critical,artifacts,1737700823611,Immediate,Employee 17
333,333,Contract 5,High,general,1737697896328,Priority 3,Employee 10
334,334,Contract 10,Medium,google-forms,1737696655737,Priority 3,Employee 13
335,335,Contract 40,Critical,internal,1737599001457,Priority 2,Employee 1
336,336,Contract 16,High,internal,1737591980157,Priority 2,Employee 17
337,337,Contract 34,High,website upgrades,1737540383644,Priority 1,Employee 7
338,338,Contract 60,High,internal,1737524106074,Priority 2,Employee 1
339,339,Contract 17,High,general,1737516621191,Priority 2,Employee 9
340,340,Contract 34,High,general,1737508217766,Priority 2,Employee 7
341,341,Contract 26,High,general,1737508001801,Priority 2,Employee 10
342,342,Contract 34,High,general,1737507919106,Priority 1,Employee 10
343,343,Contract 34,High,general,1737505419094,Priority 2,Employee 7
344,344,Contract 33,High,general,1737498720697,Immediate,Employee 1
345,345,Contract 40,High,internal,1737442447976,Priority 2,Employee 17
346,346,Contract 40,Critical,internal,1737442210718,Priority 2,Employee 1
347,347,Contract 34,High,general,1737430687197,Priority 1,Employee 10
348,348,Contract 26,High,general,1737332804429,Priority 2,Employee 15
349,349,Contract 48,Medium,enquiry,1736985130758,Priority 2,Employee 11
350,350,Contract 26,Critical,general,1736981079367,Priority 3,Employee 17
351,351,Contract 34,Medium,general,1736841289902,Priority 2,Employee 17
352,352,Contract 1,High,internal,1736826066069,Priority 1,Employee 9
353,353,Contract 18,Low,artifacts,1736814371678,Hold Off,Not Assigned
354,354,Contract 8,High,internal,1736747507751,Priority 2,Employee 13
355,355,Contract 2,Critical,dashboard,1736722531129,Priority 2,Employee 9
356,356,Contract 17,Critical,billing,1736473101852,Priority 1,Employee 13
357,357,Contract 3,High,feature-additions,1736469122801,Priority 2,Employee 9
358,358,Contract 51,Low,general,1736459669601,Hold Off,Employee 1
359,359,Contract 17,High,general,1736396484544,Immediate,Employee 17
360,360,Contract 4,Medium,general,1736311195627,Priority 2,Employee 1
361,361,Contract 20,Medium,enquiry,1736206058639,Priority 2,Employee 15
362,362,Contract 1,High,artifacts,1736126821357,Priority 1,Employee 16
363,363,Contract 42,Medium,general,1735868477601,Priority 2,Employee 15
364,364,Contract 25,High,general,1735702579978,Priority 2,Employee 1
365,365,Contract 4,High,general,1735598751564,Priority 2,Employee 10
366,366,Contract 51,Critical,general,1735519401889,Priority 2,Employee 17
367,367,Contract 42,Medium,enquiry,1735257959127,Priority 2,Employee 15
368,368,Contract 2,Medium,general,1735246819596,Priority 2,Employee 1
369,369,Contract 4,High,general,1734917589887,Priority 2,Employee 10
370,370,Contract 4,High,dashboard,1734912795327,Priority 2,Employee 10
371,371,Contract 20,Critical,internal,1734644743355,Priority 1,Employee 7
372,372,Contract 26,High,general,1734579325719,Priority 2,Employee 10
373,373,Contract 5,Medium,artifacts,1734404765525,Priority 1,Employee 9
374,374,Contract 6,High,google-forms,1734071705172,Priority 2,Employee 1
375,375,Contract 18,High,google-forms,1734071536030,Priority 2,Employee 1
376,376,Contract 61,High,google-forms,1734070902053,Priority 2,Employee 1
377,377,Contract 7,High,google-forms,1734068737210,Priority 2,Employee 1
378,378,Contract 22,Medium,general,1734044180892,Priority 2,Employee 15
379,379,Contract 10,High,general,1733976947999,Priority 1,Employee 11
380,380,Contract 10,High,billing,1733973655855,Immediate,Employee 17
381,381,Contract 40,High,website-design,1733963428121,Priority 2,Employee 10
382,382,Contract 40,High,enquiry,1733963340499,Priority 2,Employee 10
383,383,Contract 22,High,general,1733893087077,Priority 2,Employee 17
384,384,Contract 10,High,general,1733882377118,Immediate,Employee 11
385,385,Contract 8,Critical,enquiry,1733800992351,Priority 2,Employee 14
386,386,Contract 22,Medium,data,1733443208333,Priority 1,Employee 1
387,387,Contract 13,Critical,enquiry,1733374100596,Priority 3,Employee 2
388,388,Contract 30,Medium,website-design,1733273402045,Priority 2,Employee 1
389,389,Contract 34,Medium,data-imports,1733201518813,Priority 2,Employee 10
390,390,Contract 26,Medium,feature-additions,1733193970443,Priority 3,Employee 1
391,391,Contract 26,High,general,1733184329206,Priority 2,Employee 10
392,392,Contract 26,Critical,internal,1732852995200,Priority 3,Employee 9
393,393,Contract 68,Critical,internal,1732767035569,Priority 2,Employee 10
394,394,Contract 3,High,website-design,1732666199539,Priority 2,Employee 1
395,395,Contract 40,High,internal,1732601351872,Immediate,Employee 17
396,396,Contract 22,Critical,general,1732594976335,Priority 2,Employee 10
397,397,Contract 41,Medium,general,1732221326202,Priority 2,Employee 15
398,398,Contract 40,High,general,1732172194012,Immediate,Employee 9
399,399,Contract 40,Low,internal,1732100334863,Priority 3,Employee 17
400,400,Contract 24,High,website-design,1731983787496,Immediate,Employee 10
401,401,Contract 4,Medium,data,1731647480526,Priority 2,Employee 9
402,402,Contract 9,High,data,1731566910972,Priority 2,Employee 10
403,403,Contract 13,Medium,general,1731557888310,Priority 3,Employee 15
404,404,Contract 26,High,general,1731476845984,Priority 3,Employee 10
405,405,Contract 22,Medium,internal,1731471697726,Priority 3,Employee 17
406,406,Contract 25,High,general,1731451935573,Immediate,Employee 1
407,407,Contract 8,Medium,artifacts,1731386379808,Priority 3,Employee 1
408,408,Contract 1,Medium,enquiry,1731363086614,Priority 1,Employee 10
409,409,Contract 22,Low,general,1731054316449,Hold Off,Employee 17
410,410,Contract 22,Low,website-design,1731053714291,Priority 3,Employee 17
411,411,Contract 22,Low,website-design,1731053250590,Priority 3,Employee 7
412,412,Contract 22,Low,general,1731052378386,Priority 3,Employee 17
413,413,Contract 8,Medium,data-imports,1731023041996,Priority 1,Employee 15
414,414,Contract 8,Medium,data-imports,1731019879454,Priority 3,Employee 15
415,415,Contract 8,Medium,data-imports,1730946306244,Priority 3,Employee 15
416,416,Contract 8,High,artifacts,1730940988660,Priority 2,Employee 2
417,417,Contract 39,High,data,1730796531395,Priority 2,Employee 9
418,418,Contract 25,High,internal,1730784538944,Immediate,Employee 15
419,419,Contract 35,Low,enquiry,1730769895649,Priority 3,Employee 5
420,420,Contract 2,Medium,data-imports,1730688545881,Priority 1,Employee 5
421,421,Contract 11,Medium,general,1730684780364,Priority 3,Employee 17
422,422,Contract 22,Medium,general,1730433035037,Priority 3,Employee 17
423,423,Contract 2,Low,data-imports,1730245942592,Hold Off,Employee 5
424,424,Contract 3,High,general,1730159412763,Priority 1,Employee 14
425,425,Contract 22,Medium,general,1730093153004,Priority 2,Employee 17
426,426,Contract 29,Medium,data,1729812291029,Hold Off,Employee 15
427,427,Contract 3,Medium,internal,1729728901912,Priority 3,Employee 5
428,428,Contract 22,Medium,data,1729722736335,Hold Off,Employee 13
429,429,Contract 26,High,general,1729648708718,Priority 3,Employee 3
430,430,Contract 13,High,general,1729552508570,Priority 2,Employee 17
431,431,Contract 8,Medium,internal,1729487983284,Hold Off,Employee 15
432,432,Contract 55,High,general,1729137435079,Priority 1,Employee 1
433,433,Contract 55,Medium,general,1729137146997,Priority 3,Employee 2
434,434,Contract 39,High,general,1729114443772,Immediate,Employee 9
435,435,Contract 13,High,data,1728898598812,Priority 2,Employee 17
436,436,Contract 41,High,wordpress-dev,1728452587403,Priority 2,Employee 2
437,437,Contract 50,Critical,enquiry,1728265674556,Immediate,Employee 15
438,438,Contract 37,Critical,artifacts,1728027966825,Priority 2,Employee 17
439,439,Contract 24,Critical,general,1727837630792,Immediate,Employee 10
440,440,Contract 4,Medium,general,1727820145247,Priority 1,Employee 17
441,441,Contract 13,High,website-design,1727697169394,Priority 3,Employee 10
442,442,Contract 51,Critical,general,1727654071923,Priority 2,Employee 15
443,443,Contract 43,Critical,payement-integration,1727308133552,Priority 2,Employee 17
444,444,Contract 10,High,billing,1727241066639,Priority 3,Employee 15
445,445,Contract 37,High,internal,1727228766942,Priority 3,Employee 17
446,446,Contract 26,High,general,1727158933778,Priority 2,Employee 15
447,447,Contract 2,Medium,general,1727133667026,Priority 3,Employee 15
448,448,Contract 34,High,general,1726641153737,Priority 2,Employee 7
449,449,Contract 13,High,website-design,1726620496917,Priority 3,Employee 10
450,450,Contract 24,Medium,general,1726547857254,Priority 1,Employee 15
451,451,Contract 34,Medium,general,1726268157753,Priority 2,Employee 10
452,452,Contract 8,Critical,general,1726185374226,Priority 2,Employee 15
453,453,Contract 33,Medium,general,1726088613706,Priority 1,Employee 10
454,454,Contract 43,Medium,general,1726021297047,Priority 3,Employee 15
455,455,Contract 8,Low,enquiry,1726016043357,Priority 3,Not Assigned
456,456,Contract 25,High,general,1725936673825,Priority 2,Employee 1
457,457,Contract 9,Critical,website-design,1725928421228,Priority 2,Employee 2
458,458,Contract 21,High,general,1725918822287,Priority 2,Employee 14
459,459,Contract 3,Medium,enquiry,1725427992825,Priority 3,Employee 5
460,460,Contract 25,Medium,general,1724898462666,Priority 1,Employee 15
461,461,Contract 43,Medium,graphic-design,1724891708607,Priority 2,Employee 2
462,462,Contract 51,High,internal,1724823172077,Priority 3,Employee 15
463,463,Contract 29,Medium,internal,1724716758290,Priority 2,Employee 9
464,464,Contract 64,High,website-design,1724652300794,Priority 2,Employee 15
465,465,Contract 25,High,enquiry,1724630921057,Priority 3,Employee 3
466,466,Contract 37,High,general,1724219436399,Priority 2,Employee 3
467,467,Contract 34,Critical,general,1724195539656,Priority 2,Employee 15
468,468,Contract 5,Critical,artifacts,1723865783183,Priority 1,Employee 13
469,469,Contract 33,High,internal,1723757934596,Immediate,Employee 15
470,470,Contract 26,High,artifacts,1723528026115,Priority 2,Employee 3
471,471,Contract 26,High,general,1723525016173,Priority 3,Employee 3
472,472,Contract 2,Medium,internal,1723065491576,Priority 3,Employee 17
473,473,Contract 6,High,google-forms,1722989005689,Priority 2,Employee 10
474,474,Contract 4,Critical,internal,1722393889187,Priority 2,Employee 9
475,475,Contract 7,High,general,1722216166680,Priority 2,Employee 9
476,476,Contract 31,High,general,1721802407583,Priority 3,Employee 17
477,477,Contract 8,Critical,internal,1721784533416,Priority 3,Employee 15
478,478,Contract 26,Medium,general,1721713786473,Priority 1,Employee 17
479,479,Contract 25,Critical,general,1721700768397,Priority 3,Employee 17
480,480,Contract 50,High,internal,1721697839413,Priority 3,Employee 15
481,481,Contract 25,Critical,internal,1721615263034,Priority 3,Employee 15
482,482,Contract 32,Medium,dashboard,1721186702755,Priority 3,Employee 15
483,483,Contract 31,Medium,general,1720670395948,Priority 3,Employee 15
484,484,Contract 31,Medium,general,1720593263492,Priority 1,Employee 4
485,485,Contract 6,High,payement-integration,1720405386303,Priority 2,Employee 10
486,486,Contract 6,Critical,payement-integration,1720405329132,Priority 2,Employee 10
487,487,Contract 6,High,payement-integration,1720404449025,Priority 3,Employee 20
488,488,Contract 33,Critical,billing,1720067744993,Immediate,Employee 2
489,489,Contract 8,Medium,general,1720050832234,Priority 3,Employee 15
490,490,Contract 26,High,general,1719965141273,Priority 3,Employee 15
491,491,Contract 42,High,website-design,1719815736467,Priority 3,Employee 10
492,492,Contract 8,Medium,enquiry,1719360005594,Priority 3,Employee 17
493,493,Contract 69,High,dashboard,1719357679401,Immediate,Employee 15
494,494,Contract 26,High,general,1719353154035,Priority 3,Employee 10
495,495,Contract 21,High,general,1719187632443,Priority 3,Employee 14
496,496,Contract 1,High,general,1719181854806,Priority 3,Employee 10
497,497,Contract 68,Medium,website-design,1718843410957,Priority 2,Employee 1
498,498,Contract 26,Critical,general,1718842404908,Immediate,Employee 10
499,499,Contract 34,High,general,1718755572242,Priority 3,Employee 10
500,500,Contract 50,Medium,general,1718680288122,Priority 3,Employee 15
501,501,Contract 3,High,internal,1718676274642,Immediate,Employee 15
502,502,Contract 33,Medium,general,1717990469211,Priority 3,Employee 2
503,503,Contract 13,High,general,1717480084525,Priority 1,Employee 10
504,504,Contract 14,Critical,google-forms,1717405260623,Priority 2,Employee 2
505,505,Contract 31,High,artifacts,1717374162296,Priority 3,Employee 10
506,506,Contract 3,High,wordpress-dev,1717109691813,Immediate,Employee 7
507,507,Contract 25,High,general,1717038193762,Priority 3,Employee 15
508,508,Contract 31,Medium,general,1716769415807,Priority 1,Employee 15
509,509,Contract 51,High,general,1716156840217,Priority 3,Employee 15
510,510,Contract 51,High,internal,1716156781001,Priority 3,Employee 15
511,511,Contract 10,Medium,artifacts,1715659828115,Priority 3,Employee 1
512,512,Contract 10,Medium,google-forms,1715659757997,Priority 2,Employee 1
513,513,Contract 26,Low,general,1715645763278,Priority 3,Employee 10
514,514,Contract 11,Medium,feature-additions,1715459966908,Priority 3,Employee 15
515,515,Contract 22,Medium,enquiry,1714703979330,Priority 3,Employee 10
516,516,Contract 5,Medium,google-forms,1714528350668,Priority 3,Employee 15
517,517,Contract 9,High,general,1714463509045,Priority 3,Employee 2
518,518,Contract 4,Low,general,1713471851538,Priority 3,Employee 1
519,519,Contract 26,High,general,1713424413972,Priority 3,Employee 2
520,520,Contract 31,High,website upgrades,1713319301120,Priority 1,Employee 7
521,521,Contract 5,High,general,1713237363833,Priority 2,Employee 2
522,522,Contract 2,High,website-design,1711365720108,Immediate,Employee 2
523,523,Contract 34,High,general,1711344005390,Priority 2,Employee 10
524,524,Contract 34,High,dashboard,1710898504963,Immediate,Employee 17
525,525,Contract 51,Medium,general,1710547757400,Hold Off,Employee 13
526,526,Contract 2,Critical,general,1710210369054,Priority 3,Employee 15
527,527,Contract 31,Critical,general,1708389579314,Priority 2,Employee 10
528,528,Contract 9,High,data-imports,1708299255982,Priority 3,Employee 2
529,529,Contract 34,Medium,general,1707972398842,Priority 1,Employee 10
530,530,Contract 34,Critical,general,1707454540960,Priority 3,Employee 10
531,531,Contract 31,High,general,1706758296018,Priority 3,Employee 15
532,532,Contract 42,Medium,website-design,1706070355174,Priority 3,Employee 10
533,533,Contract 34,High,general,1705905835991,Priority 3,Employee 20
534,534,Contract 2,Low,general,1705458059235,Hold Off,Employee 7
535,535,Contract 20,Medium,website upgrades,1705292513687,Priority 1,Employee 9
536,536,Contract 48,Critical,general,1704326930581,Immediate,Employee 2
537,537,Contract 25,Medium,general,1704245864184,Priority 3,Employee 10
538,538,Contract 42,Medium,website-design,1702255057387,Priority 3,Employee 9
539,539,Contract 1,Medium,general,1702001683355,Priority 1,Employee 3
540,540,Contract 50,High,enquiry,1698896354562,Priority 3,Employee 2
541,541,Contract 20,High,graphic-design,1698801011325,Priority 1,Employee 9
542,542,Contract 1,Low,graphic-design,1698719982225,Priority 3,Employee 2
543,543,Contract 8,Medium,website-design,1697754867418,Priority 2,Employee 2
544,544,Contract 12,Medium,general,1697023534207,Priority 1,Employee 2
545,545,Contract 34,Medium,general,1695331711799,Priority 3,Employee 10
546,546,Contract 25,High,general,1693296993244,Priority 3,Employee 15
547,547,Contract 21,High,general,1692840954236,Priority 1,Employee 9
548,548,Contract 34,High,general,1692588896674,Priority 3,Employee 10
549,549,Contract 34,High,general,1692586273330,Priority 3,Employee 10
550,550,Contract 1,High,graphic-design,1692064117452,Priority 3,Employee 2
551,551,Contract 26,High,artifacts,1692064000357,Immediate,Employee 2
552,552,Contract 22,High,website upgrades,1690946724409,Priority 1,Employee 7
553,553,Contract 2,High,data-imports,1690851119555,Priority 1,Employee 15
554,554,Contract 34,High,wordpress-dev,1689046330162,Priority 3,Not Assigned
555,555,Contract 34,Medium,general,1687216676894,Priority 3,Employee 10
556,556,Contract 34,High,general,1685080544344,Priority 3,Employee 10
557,557,Contract 34,High,enquiry,1682307061675,Immediate,Employee 10
558,558,Contract 34,Critical,general,1681971956537,Priority 3,Employee 7
559,559,Contract 34,High,data,1681949942848,Priority 3,Employee 10
560,560,Contract 34,High,google-forms,1681345015959,Priority 3,Employee 10
561,561,Contract 26,Critical,graphic-design,1681189050848,Immediate,Employee 2
562,562,Contract 22,Critical,internal,1680681070615,Priority 2,Employee 10
563,563,Contract 2,High,general,1680311386530,Priority 3,Employee 2
564,564,Contract 22,Medium,website-design,1680226014226,Priority 3,Employee 20
565,565,Contract 34,High,general,1678759642100,Priority 2,Employee 10
566,566,Contract 34,Medium,general,1678687946781,Priority 3,Not Assigned
567,567,Contract 34,High,general,1678686044219,Immediate,Employee 10
568,568,Contract 34,Medium,enquiry,1676963787568,Priority 3,Employee 20
569,569,Contract 26,Medium,general,1676341424516,Priority 1,Employee 6
570,570,Contract 4,High,enquiry,1675299497920,Priority 3,Employee 20
571,571,Contract 34,High,general,1674516768403,Immediate,Employee 20
572,572,Contract 34,High,google-forms,1668139030083,Priority 3,Employee 20
573,573,Contract 34,High,general,1666570061589,Priority 3,Employee 20
574,574,Contract 34,High,general,1661573516616,Priority 3,Employee 20
575,575,Contract 9,High,data-imports,1656022429536,Priority 1,Employee 2
576,576,Contract 34,Medium,general,1642549883863,Priority 3,Employee 20
577,577,Contract 34,High,general,1641951856054,Priority 3,Employee 20
578,578,Contract 34,High,general,1640069340641,Immediate,Employee 20
579,579,Contract 34,High,general,1639638615428,Immediate,Employee 20
580,580,Contract 34,High,general,1639358570415,Immediate,Employee 20
581,581,Contract 34,Medium,general,1617758879933,Priority 2,Employee 10
582,582,Contract 22,High,data-imports,1611809342980,Priority 1,Employee 15
583,583,Contract 34,High,website-design,1611283868090,Priority 3,Employee 10
